id,system,started_at,finished_at,status,actor_slugs
7ef7117c-05d6-4d82-8a8b-d3e871e59b93,hermes,2026-07-07 05:00:08.961149+00:00,2026-07-07 05:57:30.699135+00:00,ok,[]
97bc41b9-8af8-4ed2-8846-47bc832ee87a,masfactory,2026-07-01 02:00:13.647504+00:00,2026-07-01 04:19:00.696971+00:00,ok,"['swiss-quantum-initiative', 'nccr-spin', 'metas', 'eth-zurich-quantum-center', 'basel-quantum-center', 'swiss-nanoscience-institute', 'epfl-qse', 'cern-quantum-technology-initiative', 'psi', 'eth-psi-quantum-computing-hub', 'geneva-quantum-centre', 'cscs', 'empa', 'zhaw', 'fhnw', 'usi', 'hslu', 'switzerland-innovation-parks', 'qai-ventures', 'quantumbasel', 'gesda', 'open-quantum-institute-cern', 'verve-ventures', 'ibm-research-zurich', 'id-quantique', 'zurich-instruments', 'csem', 'basel-precision-instruments', 'swissphotonics', 'miraex', 'qnami', 'terra-quantum', 'ionq', 'ligentec', 'huber-suhner', 'qzabre', 'femtoprint', 'zuriq', 'yquantum', 'swissnex']"
df8f7709-0129-4407-821c-e76185e81f49,masfactory,2026-07-01 02:00:13.649043+00:00,2026-07-01 04:41:27.270975+00:00,ok,"['swiss-quantum-initiative', 'nccr-spin', 'metas', 'eth-zurich-quantum-center', 'basel-quantum-center', 'swiss-nanoscience-institute', 'epfl-qse', 'cern-quantum-technology-initiative', 'psi', 'eth-psi-quantum-computing-hub', 'geneva-quantum-centre', 'cscs', 'empa', 'zhaw', 'fhnw', 'usi', 'hslu', 'switzerland-innovation-parks', 'qai-ventures', 'quantumbasel', 'gesda', 'open-quantum-institute-cern', 'verve-ventures', 'ibm-research-zurich', 'id-quantique', 'zurich-instruments', 'csem', 'basel-precision-instruments', 'swissphotonics', 'miraex', 'qnami', 'terra-quantum', 'ionq', 'ligentec', 'huber-suhner', 'qzabre', 'femtoprint', 'zuriq', 'yquantum', 'swissnex']"
006d0c2e-6126-4d9d-971a-73ed285844e9,hermes,2026-07-01 05:00:07.773087+00:00,2026-07-01 10:08:02.575370+00:00,error,[]
85d19a2b-1383-4698-97ee-ceb02cf9cf40,masfactory,2026-07-02 02:00:14.680669+00:00,2026-07-02 02:02:50.208752+00:00,error,"['swiss-quantum-initiative', 'nccr-spin', 'metas', 'eth-zurich-quantum-center', 'basel-quantum-center', 'swiss-nanoscience-institute', 'epfl-qse', 'cern-quantum-technology-initiative', 'psi', 'eth-psi-quantum-computing-hub', 'geneva-quantum-centre', 'cscs', 'empa', 'zhaw', 'fhnw', 'usi', 'hslu', 'switzerland-innovation-parks', 'qai-ventures', 'quantumbasel', 'gesda', 'open-quantum-institute-cern', 'verve-ventures', 'ibm-research-zurich', 'id-quantique', 'zurich-instruments', 'csem', 'basel-precision-instruments', 'swissphotonics', 'miraex', 'qnami', 'terra-quantum', 'ionq', 'ligentec', 'huber-suhner', 'qzabre', 'femtoprint', 'zuriq', 'yquantum', 'swissnex']"
79d5f666-7e41-46bd-8e76-3c97f70cb242,masfactory,2026-07-02 02:00:14.647010+00:00,2026-07-02 02:03:08.426152+00:00,error,"['swiss-quantum-initiative', 'nccr-spin', 'metas', 'eth-zurich-quantum-center', 'basel-quantum-center', 'swiss-nanoscience-institute', 'epfl-qse', 'cern-quantum-technology-initiative', 'psi', 'eth-psi-quantum-computing-hub', 'geneva-quantum-centre', 'cscs', 'empa', 'zhaw', 'fhnw', 'usi', 'hslu', 'switzerland-innovation-parks', 'qai-ventures', 'quantumbasel', 'gesda', 'open-quantum-institute-cern', 'verve-ventures', 'ibm-research-zurich', 'id-quantique', 'zurich-instruments', 'csem', 'basel-precision-instruments', 'swissphotonics', 'miraex', 'qnami', 'terra-quantum', 'ionq', 'ligentec', 'huber-suhner', 'qzabre', 'femtoprint', 'zuriq', 'yquantum', 'swissnex']"
e9598ac4-2413-42f1-818f-f402977edbd7,hermes,2026-07-02 05:00:08.058833+00:00,2026-07-02 07:52:33.992893+00:00,error,[]
c232b5cb-403c-42fe-9eda-2b948b1fe075,hermes,2026-07-02 10:12:04.501291+00:00,2026-07-02 10:23:02.353697+00:00,ok,[]
57e2dd8e-16cc-4b57-8745-9e8a5fa8dd4b,masfactory,2026-07-02 10:12:06.217366+00:00,2026-07-02 10:12:12.354677+00:00,error,"['swiss-quantum-initiative', 'nccr-spin', 'metas', 'eth-zurich-quantum-center', 'basel-quantum-center', 'swiss-nanoscience-institute', 'epfl-qse', 'cern-quantum-technology-initiative', 'psi', 'eth-psi-quantum-computing-hub', 'geneva-quantum-centre', 'cscs', 'empa', 'zhaw', 'fhnw', 'usi', 'hslu', 'switzerland-innovation-parks', 'qai-ventures', 'quantumbasel', 'gesda', 'open-quantum-institute-cern', 'verve-ventures', 'ibm-research-zurich', 'id-quantique', 'zurich-instruments', 'csem', 'basel-precision-instruments', 'swissphotonics', 'miraex', 'qnami', 'terra-quantum', 'ionq', 'ligentec', 'huber-suhner', 'qzabre', 'femtoprint', 'zuriq', 'yquantum', 'swissnex']"
e75effd6-8e8d-42d6-8f2f-daa340351446,masfactory,2026-07-02 15:58:02.016285+00:00,2026-07-02 18:15:31.716765+00:00,ok,"['swiss-quantum-initiative', 'nccr-spin', 'metas', 'eth-zurich-quantum-center', 'basel-quantum-center', 'swiss-nanoscience-institute', 'epfl-qse', 'cern-quantum-technology-initiative', 'psi', 'eth-psi-quantum-computing-hub', 'geneva-quantum-centre', 'cscs', 'empa', 'zhaw', 'fhnw', 'usi', 'hslu', 'switzerland-innovation-parks', 'qai-ventures', 'quantumbasel', 'gesda', 'open-quantum-institute-cern', 'verve-ventures', 'ibm-research-zurich', 'id-quantique', 'zurich-instruments', 'csem', 'basel-precision-instruments', 'swissphotonics', 'miraex', 'qnami', 'terra-quantum', 'ionq', 'ligentec', 'huber-suhner', 'qzabre', 'femtoprint', 'zuriq', 'yquantum', 'swissnex']"
8fe59ac2-c137-4363-815b-7c2936c30f70,masfactory,2026-07-02 22:12:07.847746+00:00,2026-07-03 00:12:03.512905+00:00,ok,"['swiss-quantum-initiative', 'nccr-spin', 'metas', 'eth-zurich-quantum-center', 'basel-quantum-center', 'swiss-nanoscience-institute', 'epfl-qse', 'cern-quantum-technology-initiative', 'psi', 'eth-psi-quantum-computing-hub', 'geneva-quantum-centre', 'cscs', 'empa', 'zhaw', 'fhnw', 'usi', 'hslu', 'switzerland-innovation-parks', 'qai-ventures', 'quantumbasel', 'gesda', 'open-quantum-institute-cern', 'verve-ventures', 'ibm-research-zurich', 'id-quantique', 'zurich-instruments', 'csem', 'basel-precision-instruments', 'swissphotonics', 'miraex', 'qnami', 'terra-quantum', 'ionq', 'ligentec', 'huber-suhner', 'qzabre', 'femtoprint', 'zuriq', 'yquantum', 'swissnex']"
7f3599e8-bff6-4d9b-aff0-61a0e22b64d9,masfactory,2026-07-02 22:15:12.549587+00:00,2026-07-03 00:51:32.317218+00:00,ok,"['swiss-quantum-initiative', 'nccr-spin', 'metas', 'eth-zurich-quantum-center', 'basel-quantum-center', 'swiss-nanoscience-institute', 'epfl-qse', 'cern-quantum-technology-initiative', 'psi', 'eth-psi-quantum-computing-hub', 'geneva-quantum-centre', 'cscs', 'empa', 'zhaw', 'fhnw', 'usi', 'hslu', 'switzerland-innovation-parks', 'qai-ventures', 'quantumbasel', 'gesda', 'open-quantum-institute-cern', 'verve-ventures', 'ibm-research-zurich', 'id-quantique', 'zurich-instruments', 'csem', 'basel-precision-instruments', 'swissphotonics', 'miraex', 'qnami', 'terra-quantum', 'ionq', 'ligentec', 'huber-suhner', 'qzabre', 'femtoprint', 'zuriq', 'yquantum', 'swissnex']"
b10bccd0-d3f0-40fc-9c68-bbbaaf107e9c,masfactory,2026-07-02 22:15:35.079061+00:00,2026-07-02 22:19:46.684299+00:00,error,"['swiss-quantum-initiative', 'nccr-spin', 'metas', 'eth-zurich-quantum-center', 'basel-quantum-center', 'swiss-nanoscience-institute', 'epfl-qse', 'cern-quantum-technology-initiative', 'psi', 'eth-psi-quantum-computing-hub', 'geneva-quantum-centre', 'cscs', 'empa', 'zhaw', 'fhnw', 'usi', 'hslu', 'switzerland-innovation-parks', 'qai-ventures', 'quantumbasel', 'gesda', 'open-quantum-institute-cern', 'verve-ventures', 'ibm-research-zurich', 'id-quantique', 'zurich-instruments', 'csem', 'basel-precision-instruments', 'swissphotonics', 'miraex', 'qnami', 'terra-quantum', 'ionq', 'ligentec', 'huber-suhner', 'qzabre', 'femtoprint', 'zuriq', 'yquantum', 'swissnex']"
474b97d9-3379-4b5d-9c43-49c3287589a5,masfactory,2026-07-02 22:41:09.744744+00:00,2026-07-02 22:43:07.318329+00:00,ok,"['swiss-quantum-initiative', 'nccr-spin', 'metas', 'eth-zurich-quantum-center', 'basel-quantum-center', 'swiss-nanoscience-institute', 'epfl-qse', 'cern-quantum-technology-initiative', 'psi', 'eth-psi-quantum-computing-hub', 'geneva-quantum-centre', 'cscs', 'empa', 'zhaw', 'fhnw', 'usi', 'hslu', 'switzerland-innovation-parks', 'qai-ventures', 'quantumbasel', 'gesda', 'open-quantum-institute-cern', 'verve-ventures', 'ibm-research-zurich', 'id-quantique', 'zurich-instruments', 'csem', 'basel-precision-instruments', 'swissphotonics', 'miraex', 'qnami', 'terra-quantum', 'ionq', 'ligentec', 'huber-suhner', 'qzabre', 'femtoprint', 'zuriq', 'yquantum', 'swissnex']"
af413c08-acb4-4d1f-9a48-ba9d317e66a0,masfactory,2026-07-03 02:00:09.539069+00:00,2026-07-03 04:15:04.205203+00:00,ok,"['swiss-quantum-initiative', 'nccr-spin', 'metas', 'eth-zurich-quantum-center', 'basel-quantum-center', 'swiss-nanoscience-institute', 'epfl-qse', 'cern-quantum-technology-initiative', 'psi', 'eth-psi-quantum-computing-hub', 'geneva-quantum-centre', 'cscs', 'empa', 'zhaw', 'fhnw', 'usi', 'hslu', 'switzerland-innovation-parks', 'qai-ventures', 'quantumbasel', 'gesda', 'open-quantum-institute-cern', 'verve-ventures', 'ibm-research-zurich', 'id-quantique', 'zurich-instruments', 'csem', 'basel-precision-instruments', 'swissphotonics', 'miraex', 'qnami', 'terra-quantum', 'ionq', 'ligentec', 'huber-suhner', 'qzabre', 'femtoprint', 'zuriq', 'yquantum', 'swissnex']"
f758fa2b-d68e-42c8-a393-7eb2449b71ec,masfactory,2026-07-03 02:00:09.539710+00:00,2026-07-03 04:19:22.378685+00:00,ok,"['swiss-quantum-initiative', 'nccr-spin', 'metas', 'eth-zurich-quantum-center', 'basel-quantum-center', 'swiss-nanoscience-institute', 'epfl-qse', 'cern-quantum-technology-initiative', 'psi', 'eth-psi-quantum-computing-hub', 'geneva-quantum-centre', 'cscs', 'empa', 'zhaw', 'fhnw', 'usi', 'hslu', 'switzerland-innovation-parks', 'qai-ventures', 'quantumbasel', 'gesda', 'open-quantum-institute-cern', 'verve-ventures', 'ibm-research-zurich', 'id-quantique', 'zurich-instruments', 'csem', 'basel-precision-instruments', 'swissphotonics', 'miraex', 'qnami', 'terra-quantum', 'ionq', 'ligentec', 'huber-suhner', 'qzabre', 'femtoprint', 'zuriq', 'yquantum', 'swissnex']"
f1268760-fb2b-4953-9d0a-c1e557f30ec6,hermes,2026-07-03 05:00:07.632845+00:00,2026-07-03 06:03:42.367929+00:00,error,[]
6188512b-b5df-480b-950a-614ada7dbf63,masfactory,2026-07-04 02:00:16.539214+00:00,2026-07-04 03:51:02.987097+00:00,ok,"['swiss-quantum-initiative', 'nccr-spin', 'metas', 'eth-zurich-quantum-center', 'basel-quantum-center', 'swiss-nanoscience-institute', 'epfl-qse', 'cern-quantum-technology-initiative', 'psi', 'eth-psi-quantum-computing-hub', 'geneva-quantum-centre', 'cscs', 'empa', 'zhaw', 'fhnw', 'usi', 'hslu', 'switzerland-innovation-parks', 'qai-ventures', 'quantumbasel', 'gesda', 'open-quantum-institute-cern', 'verve-ventures', 'ibm-research-zurich', 'id-quantique', 'zurich-instruments', 'csem', 'basel-precision-instruments', 'swissphotonics', 'miraex', 'qnami', 'terra-quantum', 'ionq', 'ligentec', 'huber-suhner', 'qzabre', 'femtoprint', 'zuriq', 'yquantum', 'swissnex']"
0e07e4ce-a096-4f68-aba5-588042fae860,masfactory,2026-07-04 02:00:16.549780+00:00,2026-07-04 03:53:44.017507+00:00,ok,"['swiss-quantum-initiative', 'nccr-spin', 'metas', 'eth-zurich-quantum-center', 'basel-quantum-center', 'swiss-nanoscience-institute', 'epfl-qse', 'cern-quantum-technology-initiative', 'psi', 'eth-psi-quantum-computing-hub', 'geneva-quantum-centre', 'cscs', 'empa', 'zhaw', 'fhnw', 'usi', 'hslu', 'switzerland-innovation-parks', 'qai-ventures', 'quantumbasel', 'gesda', 'open-quantum-institute-cern', 'verve-ventures', 'ibm-research-zurich', 'id-quantique', 'zurich-instruments', 'csem', 'basel-precision-instruments', 'swissphotonics', 'miraex', 'qnami', 'terra-quantum', 'ionq', 'ligentec', 'huber-suhner', 'qzabre', 'femtoprint', 'zuriq', 'yquantum', 'swissnex']"
2e02ab8b-c8f8-421d-aa74-6cd73394b04c,hermes,2026-07-04 05:00:08.554455+00:00,2026-07-04 05:55:03.533399+00:00,ok,[]
1968acd8-dbdb-4ccc-9575-68e9c91924f3,masfactory,2026-07-05 02:00:14.040791+00:00,2026-07-05 04:16:59.507489+00:00,ok,"['swiss-quantum-initiative', 'nccr-spin', 'metas', 'eth-zurich-quantum-center', 'basel-quantum-center', 'swiss-nanoscience-institute', 'epfl-qse', 'cern-quantum-technology-initiative', 'psi', 'eth-psi-quantum-computing-hub', 'geneva-quantum-centre', 'cscs', 'empa', 'zhaw', 'fhnw', 'usi', 'hslu', 'switzerland-innovation-parks', 'qai-ventures', 'quantumbasel', 'gesda', 'open-quantum-institute-cern', 'verve-ventures', 'ibm-research-zurich', 'id-quantique', 'zurich-instruments', 'csem', 'basel-precision-instruments', 'swissphotonics', 'miraex', 'qnami', 'terra-quantum', 'ionq', 'ligentec', 'huber-suhner', 'qzabre', 'femtoprint', 'zuriq', 'yquantum', 'swissnex']"
f9c7c787-b2d7-4b10-b71c-faddee3ad9ba,masfactory,2026-07-05 02:00:14.039653+00:00,2026-07-05 04:35:09.143627+00:00,ok,"['swiss-quantum-initiative', 'nccr-spin', 'metas', 'eth-zurich-quantum-center', 'basel-quantum-center', 'swiss-nanoscience-institute', 'epfl-qse', 'cern-quantum-technology-initiative', 'psi', 'eth-psi-quantum-computing-hub', 'geneva-quantum-centre', 'cscs', 'empa', 'zhaw', 'fhnw', 'usi', 'hslu', 'switzerland-innovation-parks', 'qai-ventures', 'quantumbasel', 'gesda', 'open-quantum-institute-cern', 'verve-ventures', 'ibm-research-zurich', 'id-quantique', 'zurich-instruments', 'csem', 'basel-precision-instruments', 'swissphotonics', 'miraex', 'qnami', 'terra-quantum', 'ionq', 'ligentec', 'huber-suhner', 'qzabre', 'femtoprint', 'zuriq', 'yquantum', 'swissnex']"
11e402bd-1f41-4fd7-85eb-bd8f758949b4,hermes,2026-07-05 05:00:08.803296+00:00,2026-07-05 05:24:34.449892+00:00,ok,[]
237e16c0-f416-433f-a6eb-ecef1dd8724f,hermes,2026-07-05 14:43:36.899190+00:00,2026-07-05 14:46:00.162406+00:00,ok,[]
e634f80e-6f68-444c-9969-ed7886224e9a,masfactory,2026-07-06 02:00:15.593054+00:00,2026-07-06 04:49:59.916136+00:00,ok,"['swiss-quantum-initiative', 'nccr-spin', 'metas', 'eth-zurich-quantum-center', 'basel-quantum-center', 'swiss-nanoscience-institute', 'epfl-qse', 'cern-quantum-technology-initiative', 'psi', 'eth-psi-quantum-computing-hub', 'geneva-quantum-centre', 'cscs', 'empa', 'zhaw', 'fhnw', 'usi', 'hslu', 'switzerland-innovation-parks', 'qai-ventures', 'quantumbasel', 'gesda', 'open-quantum-institute-cern', 'verve-ventures', 'ibm-research-zurich', 'id-quantique', 'zurich-instruments', 'csem', 'basel-precision-instruments', 'swissphotonics', 'miraex', 'qnami', 'terra-quantum', 'ionq', 'ligentec', 'huber-suhner', 'qzabre', 'femtoprint', 'zuriq', 'yquantum', 'swissnex']"
ceaec367-ebe1-4105-a954-6449dd0a1e70,masfactory,2026-07-06 02:00:15.580303+00:00,2026-07-06 02:07:47.824117+00:00,ok,"['swiss-quantum-initiative', 'nccr-spin', 'metas', 'eth-zurich-quantum-center', 'basel-quantum-center', 'swiss-nanoscience-institute', 'epfl-qse', 'cern-quantum-technology-initiative', 'psi', 'eth-psi-quantum-computing-hub', 'geneva-quantum-centre', 'cscs', 'empa', 'zhaw', 'fhnw', 'usi', 'hslu', 'switzerland-innovation-parks', 'qai-ventures', 'quantumbasel', 'gesda', 'open-quantum-institute-cern', 'verve-ventures', 'ibm-research-zurich', 'id-quantique', 'zurich-instruments', 'csem', 'basel-precision-instruments', 'swissphotonics', 'miraex', 'qnami', 'terra-quantum', 'ionq', 'ligentec', 'huber-suhner', 'qzabre', 'femtoprint', 'zuriq', 'yquantum', 'swissnex']"
be85c152-02dd-4537-9156-c08fd61604ee,hermes,2026-07-06 05:00:08.205692+00:00,2026-07-06 06:03:39.073976+00:00,ok,[]
08dd4962-a8a7-4d1c-bbd8-f35b99db999d,masfactory,2026-07-07 02:00:15.742696+00:00,2026-07-07 04:21:10.131413+00:00,ok,"['swiss-quantum-initiative', 'nccr-spin', 'metas', 'eth-zurich-quantum-center', 'basel-quantum-center', 'swiss-nanoscience-institute', 'epfl-qse', 'cern-quantum-technology-initiative', 'psi', 'eth-psi-quantum-computing-hub', 'geneva-quantum-centre', 'cscs', 'empa', 'zhaw', 'fhnw', 'usi', 'hslu', 'switzerland-innovation-parks', 'qai-ventures', 'quantumbasel', 'gesda', 'open-quantum-institute-cern', 'verve-ventures', 'ibm-research-zurich', 'id-quantique', 'zurich-instruments', 'csem', 'basel-precision-instruments', 'swissphotonics', 'miraex', 'qnami', 'terra-quantum', 'ionq', 'ligentec', 'huber-suhner', 'qzabre', 'femtoprint', 'zuriq', 'yquantum', 'swissnex']"
ed16b8d5-a7aa-4e78-8a03-a4f7188944ea,masfactory,2026-07-07 02:00:15.765166+00:00,2026-07-07 04:59:56.141534+00:00,ok,"['swiss-quantum-initiative', 'nccr-spin', 'metas', 'eth-zurich-quantum-center', 'basel-quantum-center', 'swiss-nanoscience-institute', 'epfl-qse', 'cern-quantum-technology-initiative', 'psi', 'eth-psi-quantum-computing-hub', 'geneva-quantum-centre', 'cscs', 'empa', 'zhaw', 'fhnw', 'usi', 'hslu', 'switzerland-innovation-parks', 'qai-ventures', 'quantumbasel', 'gesda', 'open-quantum-institute-cern', 'verve-ventures', 'ibm-research-zurich', 'id-quantique', 'zurich-instruments', 'csem', 'basel-precision-instruments', 'swissphotonics', 'miraex', 'qnami', 'terra-quantum', 'ionq', 'ligentec', 'huber-suhner', 'qzabre', 'femtoprint', 'zuriq', 'yquantum', 'swissnex']"
5b9e27e8-7a8f-4727-80e5-bbe548a2f590,hermes,2026-07-07 19:01:14.273448+00:00,2026-07-07 19:07:18.327851+00:00,ok,[]
a3650958-5940-4f72-ac33-23dd3dfb9e04,hermes,2026-07-07 19:34:52.556186+00:00,2026-07-07 19:40:03.273427+00:00,ok,[]
17c09adf-558f-4a4a-8aef-1697b75991e2,hermes,2026-07-07 19:47:55.375558+00:00,2026-07-07 19:53:06.581497+00:00,ok,[]
8d41a210-c57c-4c50-8574-9da6ea584591,hermes,2026-07-07 19:26:57.563638+00:00,2026-07-08 05:19:39.324524+00:00,error,[]
b052cbeb-ff1d-4044-beb9-02db571d6807,masfactory,2026-07-07 19:47:58.244132+00:00,2026-07-07 19:55:36.962659+00:00,ok,"['swiss-quantum-initiative', 'nccr-spin', 'metas', 'eth-zurich-quantum-center', 'basel-quantum-center', 'swiss-nanoscience-institute', 'epfl-qse', 'cern-quantum-technology-initiative', 'psi', 'eth-psi-quantum-computing-hub', 'geneva-quantum-centre', 'cscs', 'empa', 'zhaw', 'fhnw', 'usi', 'hslu', 'switzerland-innovation-parks', 'qai-ventures', 'quantumbasel', 'gesda', 'open-quantum-institute-cern', 'verve-ventures', 'ibm-research-zurich', 'id-quantique', 'zurich-instruments', 'csem', 'basel-precision-instruments', 'swissphotonics', 'miraex', 'qnami', 'terra-quantum', 'ionq', 'ligentec', 'huber-suhner', 'qzabre', 'femtoprint', 'zuriq', 'yquantum', 'swissnex']"
fa2829ea-6c14-4234-91d8-a9c1e5c6945e,masfactory,2026-07-08 02:00:15.226137+00:00,2026-07-08 04:23:03.137076+00:00,ok,"['swiss-quantum-initiative', 'nccr-spin', 'metas', 'eth-zurich-quantum-center', 'basel-quantum-center', 'swiss-nanoscience-institute', 'epfl-qse', 'cern-quantum-technology-initiative', 'psi', 'eth-psi-quantum-computing-hub', 'geneva-quantum-centre', 'cscs', 'empa', 'zhaw', 'fhnw', 'usi', 'hslu', 'switzerland-innovation-parks', 'qai-ventures', 'quantumbasel', 'gesda', 'open-quantum-institute-cern', 'verve-ventures', 'ibm-research-zurich', 'id-quantique', 'zurich-instruments', 'csem', 'basel-precision-instruments', 'swissphotonics', 'miraex', 'qnami', 'terra-quantum', 'ionq', 'ligentec', 'huber-suhner', 'qzabre', 'femtoprint', 'zuriq', 'yquantum', 'swissnex']"
a557b6cd-f1b4-40f6-ab30-37e90af8e122,hermes,2026-07-08 05:00:08.246782+00:00,2026-07-08 08:51:23.310419+00:00,error,[]
b4173840-d0d1-4db0-9080-d9374c79b98e,hermes,2026-07-08 15:57:38.323133+00:00,2026-07-08 16:03:20.252150+00:00,ok,[]
ae0bd82f-7298-4f13-aab0-bff227a25ad3,hermes,2026-07-08 16:10:41.785661+00:00,2026-07-08 16:20:32.530022+00:00,ok,[]
8e31a45d-d055-4853-a19b-4b36dda47d44,masfactory,2026-07-09 02:00:15.446245+00:00,2026-07-09 02:03:29.487910+00:00,ok,"['swiss-quantum-initiative', 'nccr-spin', 'metas', 'eth-zurich-quantum-center', 'basel-quantum-center', 'swiss-nanoscience-institute', 'epfl-qse', 'cern-quantum-technology-initiative', 'psi', 'eth-psi-quantum-computing-hub', 'geneva-quantum-centre', 'cscs', 'empa', 'zhaw', 'fhnw', 'usi', 'hslu', 'switzerland-innovation-parks', 'qai-ventures', 'quantumbasel', 'gesda', 'open-quantum-institute-cern', 'verve-ventures', 'ibm-research-zurich', 'id-quantique', 'zurich-instruments', 'csem', 'basel-precision-instruments', 'swissphotonics', 'miraex', 'qnami', 'terra-quantum', 'ionq', 'ligentec', 'huber-suhner', 'qzabre', 'femtoprint', 'zuriq', 'yquantum', 'swissnex']"
d3d2a58a-f605-4864-8db9-13a7e9800570,hermes,2026-07-09 05:00:09.656536+00:00,2026-07-09 05:33:48.120413+00:00,ok,[]
fa8d6d21-0465-4439-a670-439c32faa1ba,masfactory,2026-07-09 10:32:49.333648+00:00,2026-07-09 10:32:54.478264+00:00,error,"['swiss-quantum-initiative', 'nccr-spin', 'metas', 'eth-zurich-quantum-center', 'basel-quantum-center', 'swiss-nanoscience-institute', 'epfl-qse', 'cern-quantum-technology-initiative', 'psi', 'eth-psi-quantum-computing-hub', 'geneva-quantum-centre', 'cscs', 'empa', 'zhaw', 'fhnw', 'usi', 'hslu', 'switzerland-innovation-parks', 'qai-ventures', 'quantumbasel', 'gesda', 'open-quantum-institute-cern', 'verve-ventures', 'ibm-research-zurich', 'id-quantique', 'zurich-instruments', 'csem', 'basel-precision-instruments', 'swissphotonics', 'miraex', 'qnami', 'terra-quantum', 'ionq', 'ligentec', 'huber-suhner', 'qzabre', 'femtoprint', 'zuriq', 'yquantum', 'swissnex']"
08ba95fd-4c70-43ef-9476-b9eb593fb5d1,masfactory,2026-07-09 10:38:48.751095+00:00,2026-07-09 10:41:01.668732+00:00,ok,"['swiss-quantum-initiative', 'nccr-spin', 'metas', 'eth-zurich-quantum-center', 'basel-quantum-center', 'swiss-nanoscience-institute', 'epfl-qse', 'cern-quantum-technology-initiative', 'psi', 'eth-psi-quantum-computing-hub', 'geneva-quantum-centre', 'cscs', 'empa', 'zhaw', 'fhnw', 'usi', 'hslu', 'switzerland-innovation-parks', 'qai-ventures', 'quantumbasel', 'gesda', 'open-quantum-institute-cern', 'verve-ventures', 'ibm-research-zurich', 'id-quantique', 'zurich-instruments', 'csem', 'basel-precision-instruments', 'swissphotonics', 'miraex', 'qnami', 'terra-quantum', 'ionq', 'ligentec', 'huber-suhner', 'qzabre', 'femtoprint', 'zuriq', 'yquantum', 'swissnex']"
f5a0564c-dde0-4074-a40a-962e628ccdfd,hermes,2026-07-11 19:52:11.736244+00:00,2026-07-11 19:57:38.779766+00:00,ok,[]
3bdf4a96-14f2-4868-ba76-f9b3deb75dc1,masfactory,2026-07-11 20:04:45.649037+00:00,2026-07-11 20:58:50.329465+00:00,ok,"['swiss-quantum-initiative', 'nccr-spin', 'metas', 'eth-zurich-quantum-center', 'basel-quantum-center', 'swiss-nanoscience-institute', 'epfl-qse', 'cern-quantum-technology-initiative', 'psi', 'eth-psi-quantum-computing-hub', 'geneva-quantum-centre', 'cscs', 'empa', 'zhaw', 'fhnw', 'usi', 'hslu', 'switzerland-innovation-parks', 'qai-ventures', 'quantumbasel', 'gesda', 'open-quantum-institute-cern', 'verve-ventures', 'ibm-research-zurich', 'id-quantique', 'zurich-instruments', 'csem', 'basel-precision-instruments', 'swissphotonics', 'miraex', 'qnami', 'terra-quantum', 'ionq', 'ligentec', 'huber-suhner', 'qzabre', 'femtoprint', 'zuriq', 'yquantum', 'swissnex']"
857e9934-d1b6-4705-9334-f112577cc24e,hermes,2026-07-11 20:59:22.002263+00:00,2026-07-11 22:05:59.538420+00:00,ok,[]
d8882510-9656-4d4f-b09a-3b0ae253dc81,masfactory,2026-07-12 02:00:11.848474+00:00,2026-07-12 02:41:05.606195+00:00,ok,"['swiss-quantum-initiative', 'nccr-spin', 'metas', 'eth-zurich-quantum-center', 'basel-quantum-center', 'swiss-nanoscience-institute', 'epfl-qse', 'cern-quantum-technology-initiative', 'psi', 'eth-psi-quantum-computing-hub', 'geneva-quantum-centre', 'cscs', 'empa', 'zhaw', 'fhnw', 'usi', 'hslu', 'switzerland-innovation-parks', 'qai-ventures', 'quantumbasel', 'gesda', 'open-quantum-institute-cern', 'verve-ventures', 'ibm-research-zurich', 'id-quantique', 'zurich-instruments', 'csem', 'basel-precision-instruments', 'swissphotonics', 'miraex', 'qnami', 'terra-quantum', 'ionq', 'ligentec', 'huber-suhner', 'qzabre', 'femtoprint', 'zuriq', 'yquantum', 'swissnex']"
b59e4eb9-c1c9-4161-b663-86f58ff03e55,hermes,2026-07-12 05:00:09.708035+00:00,2026-07-12 05:54:07.613387+00:00,ok,[]
e581f4a2-b0cf-4bd9-b721-5a4cdc87a39c,masfactory,2026-07-13 02:00:18.642297+00:00,2026-07-13 02:58:12.412003+00:00,ok,"['swiss-quantum-initiative', 'nccr-spin', 'metas', 'eth-zurich-quantum-center', 'basel-quantum-center', 'swiss-nanoscience-institute', 'epfl-qse', 'cern-quantum-technology-initiative', 'psi', 'eth-psi-quantum-computing-hub', 'geneva-quantum-centre', 'cscs', 'empa', 'zhaw', 'fhnw', 'usi', 'hslu', 'switzerland-innovation-parks', 'qai-ventures', 'quantumbasel', 'gesda', 'open-quantum-institute-cern', 'verve-ventures', 'ibm-research-zurich', 'id-quantique', 'zurich-instruments', 'csem', 'basel-precision-instruments', 'swissphotonics', 'miraex', 'qnami', 'terra-quantum', 'ionq', 'ligentec', 'huber-suhner', 'qzabre', 'femtoprint', 'zuriq', 'yquantum', 'swissnex']"
212302bb-7398-401a-9d73-9f956bd60400,hermes,2026-07-13 05:00:10.077642+00:00,2026-07-13 05:46:41.613803+00:00,ok,[]
d4b5d83e-9c6c-462e-9b38-8279a694ea94,masfactory,2026-07-14 02:00:18.292899+00:00,2026-07-14 02:47:36.973704+00:00,ok,"['swiss-quantum-initiative', 'nccr-spin', 'metas', 'eth-zurich-quantum-center', 'basel-quantum-center', 'swiss-nanoscience-institute', 'epfl-qse', 'cern-quantum-technology-initiative', 'psi', 'eth-psi-quantum-computing-hub', 'geneva-quantum-centre', 'cscs', 'empa', 'zhaw', 'fhnw', 'usi', 'hslu', 'switzerland-innovation-parks', 'qai-ventures', 'quantumbasel', 'gesda', 'open-quantum-institute-cern', 'verve-ventures', 'ibm-research-zurich', 'id-quantique', 'zurich-instruments', 'csem', 'basel-precision-instruments', 'swissphotonics', 'miraex', 'qnami', 'terra-quantum', 'ionq', 'ligentec', 'huber-suhner', 'qzabre', 'femtoprint', 'zuriq', 'yquantum', 'swissnex']"
ef5c0782-ebc3-4dcf-9141-93eafac5a0cf,hermes,2026-07-14 05:00:16.010665+00:00,2026-07-14 05:52:02.614810+00:00,ok,[]
1385953a-8f16-414c-8635-d13d72c6fe22,masfactory,2026-07-15 02:00:19.134063+00:00,2026-07-15 03:08:11.090777+00:00,ok,"['swiss-quantum-initiative', 'nccr-spin', 'metas', 'eth-zurich-quantum-center', 'basel-quantum-center', 'swiss-nanoscience-institute', 'epfl-qse', 'cern-quantum-technology-initiative', 'psi', 'eth-psi-quantum-computing-hub', 'geneva-quantum-centre', 'cscs', 'empa', 'zhaw', 'fhnw', 'usi', 'hslu', 'switzerland-innovation-parks', 'qai-ventures', 'quantumbasel', 'gesda', 'open-quantum-institute-cern', 'verve-ventures', 'ibm-research-zurich', 'id-quantique', 'zurich-instruments', 'csem', 'basel-precision-instruments', 'swissphotonics', 'miraex', 'qnami', 'terra-quantum', 'ionq', 'ligentec', 'huber-suhner', 'qzabre', 'femtoprint', 'zuriq', 'yquantum', 'swissnex']"
59c60b67-6616-44aa-90df-b11cdddae129,hermes,2026-07-15 05:00:10.023324+00:00,2026-07-15 06:14:32.336365+00:00,ok,[]
b1423065-2477-4bab-a5f3-6fe253b292f9,masfactory,2026-07-16 02:00:18.920949+00:00,2026-07-16 02:57:30.906585+00:00,ok,"['swiss-quantum-initiative', 'nccr-spin', 'metas', 'eth-zurich-quantum-center', 'basel-quantum-center', 'swiss-nanoscience-institute', 'epfl-qse', 'cern-quantum-technology-initiative', 'psi', 'eth-psi-quantum-computing-hub', 'geneva-quantum-centre', 'cscs', 'empa', 'zhaw', 'fhnw', 'usi', 'hslu', 'switzerland-innovation-parks', 'qai-ventures', 'quantumbasel', 'gesda', 'open-quantum-institute-cern', 'verve-ventures', 'ibm-research-zurich', 'id-quantique', 'zurich-instruments', 'csem', 'basel-precision-instruments', 'swissphotonics', 'miraex', 'qnami', 'terra-quantum', 'ionq', 'ligentec', 'huber-suhner', 'qzabre', 'femtoprint', 'zuriq', 'yquantum', 'swissnex']"
0ab4a2c1-7f96-43a1-af0e-cceeebceebbc,hermes,2026-07-16 05:00:10.474023+00:00,2026-07-16 06:10:39.226304+00:00,ok,[]
5d76a8f1-0d30-4d81-8f49-486da3054850,masfactory,2026-07-17 02:00:15.929164+00:00,2026-07-17 03:03:53.536282+00:00,ok,"['swiss-quantum-initiative', 'nccr-spin', 'metas', 'eth-zurich-quantum-center', 'basel-quantum-center', 'swiss-nanoscience-institute', 'epfl-qse', 'cern-quantum-technology-initiative', 'psi', 'eth-psi-quantum-computing-hub', 'geneva-quantum-centre', 'cscs', 'empa', 'zhaw', 'fhnw', 'usi', 'hslu', 'switzerland-innovation-parks', 'qai-ventures', 'quantumbasel', 'gesda', 'open-quantum-institute-cern', 'verve-ventures', 'ibm-research-zurich', 'id-quantique', 'zurich-instruments', 'csem', 'basel-precision-instruments', 'swissphotonics', 'miraex', 'qnami', 'terra-quantum', 'ionq', 'ligentec', 'huber-suhner', 'qzabre', 'femtoprint', 'zuriq', 'yquantum', 'swissnex']"
09d5b87f-a0a1-401f-b550-e2793516321c,hermes,2026-07-17 05:00:10.543174+00:00,2026-07-17 06:54:01.521175+00:00,ok,[]
55814c4d-85ce-45ff-8483-726ceb767429,masfactory,2026-07-18 02:00:18.563430+00:00,2026-07-18 02:57:39.333002+00:00,ok,"['swiss-quantum-initiative', 'nccr-spin', 'metas', 'eth-zurich-quantum-center', 'basel-quantum-center', 'swiss-nanoscience-institute', 'epfl-qse', 'cern-quantum-technology-initiative', 'psi', 'eth-psi-quantum-computing-hub', 'geneva-quantum-centre', 'cscs', 'empa', 'zhaw', 'fhnw', 'usi', 'hslu', 'switzerland-innovation-parks', 'qai-ventures', 'quantumbasel', 'gesda', 'open-quantum-institute-cern', 'verve-ventures', 'ibm-research-zurich', 'id-quantique', 'zurich-instruments', 'csem', 'basel-precision-instruments', 'swissphotonics', 'miraex', 'qnami', 'terra-quantum', 'ionq', 'ligentec', 'huber-suhner', 'qzabre', 'femtoprint', 'zuriq', 'yquantum', 'swissnex']"
061f4fe7-e37d-464e-8d55-20dbf9f11e09,hermes,2026-07-18 05:00:11.468384+00:00,2026-07-18 05:46:24.397371+00:00,ok,[]
6e2ecd45-7c23-40aa-8298-22558e90790a,masfactory,2026-07-19 02:00:17.375282+00:00,2026-07-19 02:45:33.819952+00:00,ok,"['swiss-quantum-initiative', 'nccr-spin', 'metas', 'eth-zurich-quantum-center', 'basel-quantum-center', 'swiss-nanoscience-institute', 'epfl-qse', 'cern-quantum-technology-initiative', 'psi', 'eth-psi-quantum-computing-hub', 'geneva-quantum-centre', 'cscs', 'empa', 'zhaw', 'fhnw', 'usi', 'hslu', 'switzerland-innovation-parks', 'qai-ventures', 'quantumbasel', 'gesda', 'open-quantum-institute-cern', 'verve-ventures', 'ibm-research-zurich', 'id-quantique', 'zurich-instruments', 'csem', 'basel-precision-instruments', 'swissphotonics', 'miraex', 'qnami', 'terra-quantum', 'ionq', 'ligentec', 'huber-suhner', 'qzabre', 'femtoprint', 'zuriq', 'yquantum', 'swissnex']"
7a570c86-6f2d-4992-b4eb-ab939a3efbf7,hermes,2026-07-19 05:00:09.774311+00:00,2026-07-19 05:52:32.929691+00:00,ok,[]
02931c83-1c82-4063-8738-cde4179cd4d4,masfactory,2026-07-20 02:00:19.037662+00:00,2026-07-20 03:05:02.932086+00:00,ok,"['swiss-quantum-initiative', 'nccr-spin', 'metas', 'eth-zurich-quantum-center', 'basel-quantum-center', 'swiss-nanoscience-institute', 'epfl-qse', 'cern-quantum-technology-initiative', 'psi', 'eth-psi-quantum-computing-hub', 'geneva-quantum-centre', 'cscs', 'empa', 'zhaw', 'fhnw', 'usi', 'hslu', 'switzerland-innovation-parks', 'qai-ventures', 'quantumbasel', 'gesda', 'open-quantum-institute-cern', 'verve-ventures', 'ibm-research-zurich', 'id-quantique', 'zurich-instruments', 'csem', 'basel-precision-instruments', 'swissphotonics', 'miraex', 'qnami', 'terra-quantum', 'ionq', 'ligentec', 'huber-suhner', 'qzabre', 'femtoprint', 'zuriq', 'yquantum', 'swissnex']"
86d67ca8-c6ae-4b0b-9230-c74f39397f61,hermes,2026-07-20 05:00:08.947431+00:00,2026-07-20 07:53:29.653621+00:00,ok,[]
23bcccf6-c0fa-4851-8246-39062a5b98e5,masfactory,2026-07-21 02:00:18.155950+00:00,2026-07-21 03:49:18.193256+00:00,ok,"['swiss-quantum-initiative', 'nccr-spin', 'metas', 'eth-zurich-quantum-center', 'basel-quantum-center', 'swiss-nanoscience-institute', 'epfl-qse', 'cern-quantum-technology-initiative', 'psi', 'eth-psi-quantum-computing-hub', 'geneva-quantum-centre', 'cscs', 'empa', 'zhaw', 'fhnw', 'usi', 'hslu', 'switzerland-innovation-parks', 'qai-ventures', 'quantumbasel', 'gesda', 'open-quantum-institute-cern', 'verve-ventures', 'ibm-research-zurich', 'id-quantique', 'zurich-instruments', 'csem', 'basel-precision-instruments', 'swissphotonics', 'miraex', 'qnami', 'terra-quantum', 'ionq', 'ligentec', 'huber-suhner', 'qzabre', 'femtoprint', 'zuriq', 'yquantum', 'swissnex']"
d3e21435-659f-4eeb-9704-71fc3ef172da,hermes,2026-07-21 05:00:09.544007+00:00,2026-07-21 06:33:57.791491+00:00,error,[]
bd6aae52-373b-47fe-8f3b-a294b11b17a0,masfactory,2026-07-22 02:00:19.458058+00:00,2026-07-22 03:52:51.750770+00:00,ok,"['swiss-quantum-initiative', 'nccr-spin', 'metas', 'eth-zurich-quantum-center', 'basel-quantum-center', 'swiss-nanoscience-institute', 'epfl-qse', 'cern-quantum-technology-initiative', 'psi', 'eth-psi-quantum-computing-hub', 'geneva-quantum-centre', 'cscs', 'empa', 'zhaw', 'fhnw', 'usi', 'hslu', 'switzerland-innovation-parks', 'qai-ventures', 'quantumbasel', 'gesda', 'open-quantum-institute-cern', 'verve-ventures', 'ibm-research-zurich', 'id-quantique', 'zurich-instruments', 'csem', 'basel-precision-instruments', 'swissphotonics', 'miraex', 'qnami', 'terra-quantum', 'ionq', 'ligentec', 'huber-suhner', 'qzabre', 'femtoprint', 'zuriq', 'yquantum', 'swissnex']"
4255ff46-3fb9-4b17-a128-47287e135d36,hermes,2026-07-22 05:00:10.223517+00:00,2026-07-22 07:52:21.431720+00:00,ok,[]
6df682df-ad9a-43b1-9076-18882208fb08,masfactory,2026-07-23 02:00:17.720258+00:00,2026-07-23 03:07:47.839908+00:00,ok,"['swiss-quantum-initiative', 'nccr-spin', 'metas', 'eth-zurich-quantum-center', 'basel-quantum-center', 'swiss-nanoscience-institute', 'epfl-qse', 'cern-quantum-technology-initiative', 'psi', 'eth-psi-quantum-computing-hub', 'geneva-quantum-centre', 'cscs', 'empa', 'zhaw', 'fhnw', 'usi', 'hslu', 'switzerland-innovation-parks', 'qai-ventures', 'quantumbasel', 'gesda', 'open-quantum-institute-cern', 'verve-ventures', 'ibm-research-zurich', 'id-quantique', 'zurich-instruments', 'csem', 'basel-precision-instruments', 'swissphotonics', 'miraex', 'qnami', 'terra-quantum', 'ionq', 'ligentec', 'huber-suhner', 'qzabre', 'femtoprint', 'zuriq', 'yquantum', 'swissnex']"
50e1796d-3da0-4233-ac25-d44ae99811ab,hermes,2026-07-23 05:00:12.099552+00:00,2026-07-23 06:52:49.894299+00:00,ok,[]
347385be-b5f1-4e5b-8c3f-7e44df3c3a75,masfactory,2026-07-24 02:00:17.959468+00:00,2026-07-24 03:00:48.753627+00:00,ok,"['swiss-quantum-initiative', 'nccr-spin', 'metas', 'eth-zurich-quantum-center', 'basel-quantum-center', 'swiss-nanoscience-institute', 'epfl-qse', 'cern-quantum-technology-initiative', 'psi', 'eth-psi-quantum-computing-hub', 'geneva-quantum-centre', 'cscs', 'empa', 'zhaw', 'fhnw', 'usi', 'hslu', 'switzerland-innovation-parks', 'qai-ventures', 'quantumbasel', 'gesda', 'open-quantum-institute-cern', 'verve-ventures', 'ibm-research-zurich', 'id-quantique', 'zurich-instruments', 'csem', 'basel-precision-instruments', 'swissphotonics', 'miraex', 'qnami', 'terra-quantum', 'ionq', 'ligentec', 'huber-suhner', 'qzabre', 'femtoprint', 'zuriq', 'yquantum', 'swissnex']"
6c33e731-110e-4c23-8d5a-cb97df730a14,hermes,2026-07-24 05:00:10.786362+00:00,2026-07-24 07:04:34.030137+00:00,ok,[]
422dd845-1491-4ec0-9b07-9722c1964e73,masfactory,2026-07-25 02:00:21.294942+00:00,2026-07-25 03:06:50.571910+00:00,ok,"['swiss-quantum-initiative', 'nccr-spin', 'metas', 'eth-zurich-quantum-center', 'basel-quantum-center', 'swiss-nanoscience-institute', 'epfl-qse', 'cern-quantum-technology-initiative', 'psi', 'eth-psi-quantum-computing-hub', 'geneva-quantum-centre', 'cscs', 'empa', 'zhaw', 'fhnw', 'usi', 'hslu', 'switzerland-innovation-parks', 'qai-ventures', 'quantumbasel', 'gesda', 'open-quantum-institute-cern', 'verve-ventures', 'ibm-research-zurich', 'id-quantique', 'zurich-instruments', 'csem', 'basel-precision-instruments', 'swissphotonics', 'miraex', 'qnami', 'terra-quantum', 'ionq', 'ligentec', 'huber-suhner', 'qzabre', 'femtoprint', 'zuriq', 'yquantum', 'swissnex']"
d4a91dd4-d422-447d-84a5-82e89c241501,hermes,2026-07-25 05:00:10.340907+00:00,2026-07-25 06:40:26.617576+00:00,ok,[]
7607daf7-f7dc-4d6b-8706-5f8fb3ef2d6a,masfactory,2026-07-26 02:00:21.230256+00:00,2026-07-26 03:05:23.068107+00:00,ok,"['swiss-quantum-initiative', 'nccr-spin', 'metas', 'eth-zurich-quantum-center', 'basel-quantum-center', 'swiss-nanoscience-institute', 'epfl-qse', 'cern-quantum-technology-initiative', 'psi', 'eth-psi-quantum-computing-hub', 'geneva-quantum-centre', 'cscs', 'empa', 'zhaw', 'fhnw', 'usi', 'hslu', 'switzerland-innovation-parks', 'qai-ventures', 'quantumbasel', 'gesda', 'open-quantum-institute-cern', 'verve-ventures', 'ibm-research-zurich', 'id-quantique', 'zurich-instruments', 'csem', 'basel-precision-instruments', 'swissphotonics', 'miraex', 'qnami', 'terra-quantum', 'ionq', 'ligentec', 'huber-suhner', 'qzabre', 'femtoprint', 'zuriq', 'yquantum', 'swissnex']"
e4b1115e-a932-4de9-b021-f6a6c65960c5,hermes,2026-07-26 05:00:12.580507+00:00,2026-07-26 06:55:44.817162+00:00,ok,[]
b441ca56-ff4a-4fa4-a46d-4597a7a1c5e7,masfactory,2026-07-27 02:00:20.169341+00:00,2026-07-27 03:11:05.493838+00:00,ok,"['swiss-quantum-initiative', 'nccr-spin', 'metas', 'eth-zurich-quantum-center', 'basel-quantum-center', 'swiss-nanoscience-institute', 'epfl-qse', 'cern-quantum-technology-initiative', 'psi', 'eth-psi-quantum-computing-hub', 'geneva-quantum-centre', 'cscs', 'empa', 'zhaw', 'fhnw', 'usi', 'hslu', 'switzerland-innovation-parks', 'qai-ventures', 'quantumbasel', 'gesda', 'open-quantum-institute-cern', 'verve-ventures', 'ibm-research-zurich', 'id-quantique', 'zurich-instruments', 'csem', 'basel-precision-instruments', 'swissphotonics', 'miraex', 'qnami', 'terra-quantum', 'ionq', 'ligentec', 'huber-suhner', 'qzabre', 'femtoprint', 'zuriq', 'yquantum', 'swissnex']"
08c479ff-cb63-4f7e-96a1-32de5bde8d99,hermes,2026-07-27 05:00:13.856614+00:00,2026-07-27 07:07:19.384254+00:00,ok,[]
d029acf8-b12e-4695-ac45-84d95513e784,masfactory,2026-07-28 02:00:20.435401+00:00,2026-07-28 03:15:43.978068+00:00,ok,"['swiss-quantum-initiative', 'nccr-spin', 'metas', 'eth-zurich-quantum-center', 'basel-quantum-center', 'swiss-nanoscience-institute', 'epfl-qse', 'cern-quantum-technology-initiative', 'psi', 'eth-psi-quantum-computing-hub', 'geneva-quantum-centre', 'cscs', 'empa', 'zhaw', 'fhnw', 'usi', 'hslu', 'switzerland-innovation-parks', 'qai-ventures', 'quantumbasel', 'gesda', 'open-quantum-institute-cern', 'verve-ventures', 'ibm-research-zurich', 'id-quantique', 'zurich-instruments', 'csem', 'basel-precision-instruments', 'swissphotonics', 'miraex', 'qnami', 'terra-quantum', 'ionq', 'ligentec', 'huber-suhner', 'qzabre', 'femtoprint', 'zuriq', 'yquantum', 'swissnex']"
15e5237d-e8da-41e6-8b32-4a6ec17cfdc9,hermes,2026-07-28 05:00:14.974945+00:00,2026-07-28 05:43:45.495934+00:00,ok,[]
6703c459-5f7f-4c34-9b74-4804b364c217,masfactory,2026-07-29 02:00:19.933972+00:00,2026-07-29 03:00:20.916518+00:00,ok,"['swiss-quantum-initiative', 'nccr-spin', 'metas', 'eth-zurich-quantum-center', 'basel-quantum-center', 'swiss-nanoscience-institute', 'epfl-qse', 'cern-quantum-technology-initiative', 'psi', 'eth-psi-quantum-computing-hub', 'geneva-quantum-centre', 'cscs', 'empa', 'zhaw', 'fhnw', 'usi', 'hslu', 'switzerland-innovation-parks', 'qai-ventures', 'quantumbasel', 'gesda', 'open-quantum-institute-cern', 'verve-ventures', 'ibm-research-zurich', 'id-quantique', 'zurich-instruments', 'csem', 'basel-precision-instruments', 'swissphotonics', 'miraex', 'qnami', 'terra-quantum', 'ionq', 'ligentec', 'huber-suhner', 'qzabre', 'femtoprint', 'zuriq', 'yquantum', 'swissnex']"
6f1332e4-5b01-4005-bf5c-6b6c8476ed16,hermes,2026-07-29 05:00:15.123301+00:00,2026-07-29 07:12:16.610633+00:00,ok,[]
06a469c2-2ad3-4039-9b60-d57bca44b990,masfactory,2026-07-30 02:00:17.007739+00:00,2026-07-30 03:16:50.003962+00:00,ok,"['swiss-quantum-initiative', 'nccr-spin', 'metas', 'eth-zurich-quantum-center', 'basel-quantum-center', 'swiss-nanoscience-institute', 'epfl-qse', 'cern-quantum-technology-initiative', 'psi', 'eth-psi-quantum-computing-hub', 'geneva-quantum-centre', 'cscs', 'empa', 'zhaw', 'fhnw', 'usi', 'hslu', 'switzerland-innovation-parks', 'qai-ventures', 'quantumbasel', 'gesda', 'open-quantum-institute-cern', 'verve-ventures', 'ibm-research-zurich', 'id-quantique', 'zurich-instruments', 'csem', 'basel-precision-instruments', 'swissphotonics', 'miraex', 'qnami', 'terra-quantum', 'ionq', 'ligentec', 'huber-suhner', 'qzabre', 'femtoprint', 'zuriq', 'yquantum', 'swissnex']"
60d54341-bdca-41f1-a350-3c70334b43fc,hermes,2026-07-30 05:00:17.201387+00:00,2026-07-30 07:39:22.802817+00:00,ok,[]
42fc0e49-561e-47e0-9fd1-0a141f0430da,masfactory,2026-07-31 02:00:23.236377+00:00,2026-07-31 03:44:46.199802+00:00,ok,"['swiss-quantum-initiative', 'nccr-spin', 'metas', 'eth-zurich-quantum-center', 'basel-quantum-center', 'swiss-nanoscience-institute', 'epfl-qse', 'cern-quantum-technology-initiative', 'psi', 'eth-psi-quantum-computing-hub', 'geneva-quantum-centre', 'cscs', 'empa', 'zhaw', 'fhnw', 'usi', 'hslu', 'switzerland-innovation-parks', 'qai-ventures', 'quantumbasel', 'gesda', 'open-quantum-institute-cern', 'verve-ventures', 'ibm-research-zurich', 'id-quantique', 'zurich-instruments', 'csem', 'basel-precision-instruments', 'swissphotonics', 'miraex', 'qnami', 'terra-quantum', 'ionq', 'ligentec', 'huber-suhner', 'qzabre', 'femtoprint', 'zuriq', 'yquantum', 'swissnex']"
761eca25-2863-4ddf-8183-558f041f79e3,hermes,2026-07-31 05:00:13.027142+00:00,2026-07-31 07:17:52.975897+00:00,ok,[]
